{
    "loss": 1.9053267240524292,
    "accuracy": 0.6896551847457886
}